{"cameraMode":{"drawMode":0,"name":"Shaded","section":"Shading Mode"},"sceneLighting":true,"audioPlay":false,"sceneViewState":{"m_AlwaysRefresh":false,"showFog":true,"showSkybox":true,"showFlares":true,"showImageEffects":true,"showParticleSystems":true,"showVisualEffectGraphs":true,"m_FxEnabled":true},"in2DMode":false,"pivot":{"x":0.04500997066497803,"y":0.23984670639038087,"z":1.6333118677139283},"rotation":{"x":0.16046586632728578,"y":-0.27719902992248537,"z":0.047012582421302798,"w":0.946150541305542},"size":4.210758686065674,"orthographic":false}